ISO,Country,Year,Irrigated_Crops,Area,1,2,3,4,5,6,7,8,9,10,11,12
BRN,Brunei Darussalam,1995,Rice one,0.48,76.19047619,76.19047619,0,0,0,0,0,0,0,76.19047619,76.19047619,76.19047619
BRN,Brunei Darussalam,1995,Rice two,0.37,0,0,0,0,58.73015873,58.73015873,58.73015873,58.73015873,58.73015873,0,0,0
BRN,Brunei Darussalam,1995,Fruits,0.15,23.80952381,23.80952381,23.80952381,23.80952381,23.80952381,23.80952381,23.80952381,23.80952381,23.80952381,23.80952381,23.80952381,23.80952381
BRN,Brunei Darussalam,1995,AHIfull,1,0,0,0,0,0,0,0,0,0,0,0,0
BRN,Brunei Darussalam,1995,AAIfull,0.63,100,100,23.80952381,23.80952381,82.53968254,82.53968254,82.53968254,82.53968254,82.53968254,100,100,100
BRN,Brunei Darussalam,1995,Cropping_Intensity,158.7301587,158.7301587,158.7301587,158.7301587,158.7301587,158.7301587,158.7301587,158.7301587,158.7301587,158.7301587,158.7301587,158.7301587,158.7301587
BRN,Brunei Darussalam,1995,AEIfull,1,1,1,1,1,1,1,1,1,1,1,1,1
BRN,Brunei Darussalam,1995,Actually_Irrigated,63,63,63,63,63,63,63,63,63,63,63,63,63
BRN,Brunei Darussalam,1995,AEItot,1,1,1,1,1,1,1,1,1,1,1,1,1
