ISO,Country,Year,Irrigated_Crops,Area,1,2,3,4,5,6,7,8,9,10,11,12
IRL,Ireland,1998,Vegetables ,0.5,0,0,0,45.45454545,45.45454545,45.45454545,45.45454545,45.45454545,0,0,0,0
IRL,Ireland,1998,Strawberry,0.1,0,0,0,9.090909091,9.090909091,9.090909091,9.090909091,9.090909091,0,0,0,0
IRL,Ireland,1998,Potatoes,0.5,0,0,0,45.45454545,45.45454545,45.45454545,45.45454545,45.45454545,0,0,0,0
IRL,Ireland,1998,AHIfull,1.1,0,0,0,0,0,0,0,0,0,0,0,0
IRL,Ireland,1998,AAIfull,1.1,0,0,0,100,100,100,100,100,0,0,0,0
IRL,Ireland,1998,Cropping_Intensity,100,100,100,100,100,100,100,100,100,100,100,100,100
IRL,Ireland,1998,AEIfull,1.1,1.1,1.1,1.1,1.1,1.1,1.1,1.1,1.1,1.1,1.1,1.1,1.1
IRL,Ireland,1998,Actually_Irrigated,100,100,100,100,100,100,100,100,100,100,100,100,100
IRL,Ireland,1998,AEItot,1.1,1.1,1.1,1.1,1.1,1.1,1.1,1.1,1.1,1.1,1.1,1.1,1.1
