ISO,Country,Year,Irrigated_Crops,Area,1,2,3,4,5,6,7,8,9,10,11,12
SYC,Seychelles,2003,Vegetables,0.208,0,0,0,0,92.85714286,92.85714286,92.85714286,92.85714286,92.85714286,0,0,0
SYC,Seychelles,2003,Pulses,0.0026,0,0,0,0,1.160714286,1.160714286,1.160714286,1.160714286,1.160714286,0,0,0
SYC,Seychelles,2003,Flowers,0.013,0,0,0,0,5.803571429,5.803571429,5.803571429,5.803571429,5.803571429,0,0,0
SYC,Seychelles,2003,AHIfull,0.2236,0,0,0,0,0,0,0,0,0,0,0,0
SYC,Seychelles,2003,AAIfull,0.224,0,0,0,0,99.82142857,99.82142857,99.82142857,99.82142857,99.82142857,0,0,0
SYC,Seychelles,2003,Cropping_Intensity,99.82142857,99.82142857,99.82142857,99.82142857,99.82142857,99.82142857,99.82142857,99.82142857,99.82142857,99.82142857,99.82142857,99.82142857,99.82142857
SYC,Seychelles,2003,AEIfull,0.26,0.26,0.26,0.26,0.26,0.26,0.26,0.26,0.26,0.26,0.26,0.26,0.26
SYC,Seychelles,2003,Actually_Irrigated,86.15384615,86.15384615,86.15384615,86.15384615,86.15384615,86.15384615,86.15384615,86.15384615,86.15384615,86.15384615,86.15384615,86.15384615,86.15384615
SYC,Seychelles,2003,AEItot,0.26,0.26,0.26,0.26,0.26,0.26,0.26,0.26,0.26,0.26,0.26,0.26,0.26
